UUID,NAME,DATA_TYPE,LOINC,NEW_LOINC
21AAAAAAAAAAAAAAAAAAAAAAAAAAAAAAAAAA,Haemoglobin,Numeric,718-7,false
45AAAAAAAAAAAAAAAAAAAAAAAAAAAAAAAAAA,URINE PREGNANCY TEST,Coded,2106-3,false
300AAAAAAAAAAAAAAAAAAAAAAAAAAAAAAAAA,BLOOD TYPING,Coded,882-1,false
304AAAAAAAAAAAAAAAAAAAAAAAAAAAAAAAAA,Stool exam,Coded,10704-5,false
306AAAAAAAAAAAAAAAAAAAAAAAAAAAAAAAAA,WIDAL TEST,Coded,17566-1,true
307AAAAAAAAAAAAAAAAAAAAAAAAAAAAAAAAA,SPUTUM FOR ACID FAST BACILLI,Coded,11477-7,false
653AAAAAAAAAAAAAAAAAAAAAAAAAAAAAAAAA,SERUM GLUTAMIC-OXALOACETIC TRANSAMINASE,Numeric,48136-6,false
654AAAAAAAAAAAAAAAAAAAAAAAAAAAAAAAAA,SERUM GLUTAMIC-PYRUVIC TRANSAMINASE,Numeric,1742-6,false
655AAAAAAAAAAAAAAAAAAAAAAAAAAAAAAAAA,TOTAL BILIRUBIN,Numeric,14631-6,false
678AAAAAAAAAAAAAAAAAAAAAAAAAAAAAAAAA,WHITE BLOOD CELLS,Numeric,53225-9,false
679AAAAAAAAAAAAAAAAAAAAAAAAAAAAAAAAA,RED BLOOD CELLS,Numeric,23859-2,false
717AAAAAAAAAAAAAAAAAAAAAAAAAAAAAAAAA,TOTAL PROTEIN,Numeric,2885-2,true
729AAAAAAAAAAAAAAAAAAAAAAAAAAAAAAAAA,Platelets,Numeric,26515-7,false
730AAAAAAAAAAAAAAAAAAAAAAAAAAAAAAAAA,CD4%,Numeric,20606-0,false
785AAAAAAAAAAAAAAAAAAAAAAAAAAAAAAAAA,ALKALINE PHOSPHATASE,Numeric,6768-6,false
790AAAAAAAAAAAAAAAAAAAAAAAAAAAAAAAAA,Serum creatinine (umol/L),Numeric,14682-9,false
848AAAAAAAAAAAAAAAAAAAAAAAAAAAAAAAAA,SERUM ALBUMIN,Numeric,1751-7,false
851AAAAAAAAAAAAAAAAAAAAAAAAAAAAAAAAA,MEAN CORPUSCULAR VOLUME,Numeric,787-2,false
855AAAAAAAAAAAAAAAAAAAAAAAAAAAAAAAAA,ERYTHROCYTE SEDIMENTATION RATE,Numeric,30341-2,false
857AAAAAAAAAAAAAAAAAAAAAAAAAAAAAAAAA,BLOOD UREA NITROGEN,Numeric,14937-7,false
887AAAAAAAAAAAAAAAAAAAAAAAAAAAAAAAAA,Serum glucose,Numeric,14749-6,false
908AAAAAAAAAAAAAAAAAAAAAAAAAAAAAAAAA,"HERPES SIMPLEX VIRUS, QUALITATIVE",Coded,51916-5,true
1006AAAAAAAAAAAAAAAAAAAAAAAAAAAAAAAA,TOTAL CHOLESTEROL,Numeric,14647-2,false
1007AAAAAAAAAAAAAAAAAAAAAAAAAAAAAAAA,HIGH-DENSITY LIPOPROTEIN CHOLESTEROL,Numeric,14646-4,false
1008AAAAAAAAAAAAAAAAAAAAAAAAAAAAAAAA,LOW-DENSITY LIPOPROTEIN CHOLESTEROL,Numeric,22748-8,false
1009AAAAAAAAAAAAAAAAAAAAAAAAAAAAAAAA,TRIGLYCERIDES,Numeric,14927-8,false
1011AAAAAAAAAAAAAAAAAAAAAAAAAAAAAAAA,Creatine kinase,Numeric,2157-6,false
1013AAAAAAAAAAAAAAAAAAAAAAAAAAAAAAAA,SERUM LIPASE,Numeric,3040-3,false
1014AAAAAAAAAAAAAAAAAAAAAAAAAAAAAAAA,LACTATE DEHYDROGENASE,Numeric,2532-0,false
1015AAAAAAAAAAAAAAAAAAAAAAAAAAAAAAAA,HEMATOCRIT,Numeric,20570-8,false
1017AAAAAAAAAAAAAAAAAAAAAAAAAAAAAAAA,MEAN CELL HEMOGLOBIN CONCENTRATION,Numeric,28540-3,false
1018AAAAAAAAAAAAAAAAAAAAAAAAAAAAAAAA,MEAN CORPUSCULAR HEMOGLOBIN,Numeric,28539-5,false
1031AAAAAAAAAAAAAAAAAAAAAAAAAAAAAAAA,TREPONEMA PALLIDUM HEMAGGLUTINATION ASSAY,Coded,8041-6,false
1040AAAAAAAAAAAAAAAAAAAAAAAAAAAAAAAA,"HIV RAPID TEST 1, QUALITATIVE",Coded,5220-9,false
1042AAAAAAAAAAAAAAAAAAAAAAAAAAAAAAAA,"HIV ENZYME IMMUNOASSAY, QUALITATIVE",Coded,5223-3,false
1132AAAAAAAAAAAAAAAAAAAAAAAAAAAAAAAA,SERUM SODIUM,Numeric,2951-2,false
1133AAAAAAAAAAAAAAAAAAAAAAAAAAAAAAAA,SERUM POTASSIUM,Numeric,2823-3,false
1134AAAAAAAAAAAAAAAAAAAAAAAAAAAAAAAA,SERUM CHLORIDE,Numeric,2075-0,false
1135AAAAAAAAAAAAAAAAAAAAAAAAAAAAAAAA,SERUM CARBON DIOXIDE,Numeric,1963-8,false
1297AAAAAAAAAAAAAAAAAAAAAAAAAAAAAAAA,DIRECT BILIRUBIN,Numeric,1968-7,false
1298AAAAAAAAAAAAAAAAAAAAAAAAAAAAAAAA,VERY LOW DENSITY LIPOPROTEIN,Numeric,25371-6,false
1299AAAAAAAAAAAAAAAAAAAAAAAAAAAAAAAA,Amylase,Numeric,1798-8,false
1322AAAAAAAAAAAAAAAAAAAAAAAAAAAAAAAA,HEPATITIS B TEST - QUALITATIVE,Coded,5195-3,false
1325AAAAAAAAAAAAAAAAAAAAAAAAAAAAAAAA,HEPATITIS C TEST - QUALITATIVE,Coded,16128-1,false
1327AAAAAAAAAAAAAAAAAAAAAAAAAAAAAAAA,RETICULOCYTES (%),Numeric,31111-8,false
1336AAAAAAAAAAAAAAAAAAAAAAAAAAAAAAAA,NEUTROPHILS (%) - MICROSCOPIC EXAM,Numeric,26511-6,true
1338AAAAAAAAAAAAAAAAAAAAAAAAAAAAAAAA,LYMPHOCYTES (%) - MICROSCOPIC EXAM,Numeric,737-7,true
1339AAAAAAAAAAAAAAAAAAAAAAAAAAAAAAAA,MONOCYTES (%) - MICROSCOPIC EXAM,Numeric,744-3,true
1340AAAAAAAAAAAAAAAAAAAAAAAAAAAAAAAA,EOSINOPHILS (%) - MICROSCOPIC EXAM,Numeric,713-8,true
1341AAAAAAAAAAAAAAAAAAAAAAAAAAAAAAAA,BASOPHILS (%) - MICROSCOPIC EXAM,Numeric,706-2,true
1366AAAAAAAAAAAAAAAAAAAAAAAAAAAAAAAA,"MALARIA SMEAR, QUALITATIVE",Coded,51587-4,false
1619AAAAAAAAAAAAAAAAAAAAAAAAAAAAAAAA,RAPID PLASMA REAGIN,Coded,5288-6,true
1643AAAAAAAAAAAAAAAAAAAAAAAAAAAAAAAA,RAPID TEST FOR MALARIA,Coded,70564-0,true
1875AAAAAAAAAAAAAAAAAAAAAAAAAAAAAAAA,URINE PROTEIN (DIP STICK),Coded,20454-5,true
1945AAAAAAAAAAAAAAAAAAAAAAAAAAAAAAAA,"Serum Pregnancy Test, Qualitative",Coded,2118-8,true
5475AAAAAAAAAAAAAAAAAAAAAAAAAAAAAAAA,Tuberculin Skin Test,Numeric,23538-2,false
5497AAAAAAAAAAAAAAAAAAAAAAAAAAAAAAAA,CD4 COUNT,Numeric,24467-3,false
159362AAAAAAAAAAAAAAAAAAAAAAAAAAAAAA,Fecal occult blood test,Coded,2335-8,false
159430AAAAAAAAAAAAAAAAAAAAAAAAAAAAAA,Hepatitis B Surface Antigen Test,Coded,63557-3,false
159497AAAAAAAAAAAAAAAAAAAAAAAAAAAAAA,Serum calcium,Numeric,17861-6,false
159606AAAAAAAAAAAAAAAAAAAAAAAAAAAAAA,Indirect Coombs test,Coded,56886-5,false
159607AAAAAAAAAAAAAAAAAAAAAAAAAAAAAA,Direct Coombs test,Coded,51006-5,false
159643AAAAAAAAAAAAAAAAAAAAAAAAAAAAAA,Serum magnesium measurement,Numeric,19123-9,true
159644AAAAAAAAAAAAAAAAAAAAAAAAAAAAAA,glycosylated hemoglobin A measurement,Numeric,4548-4,true
159646AAAAAAAAAAAAAAAAAAAAAAAAAAAAAA,cerebrospinal fluid protein measurement,Numeric,2880-3,true
159648AAAAAAAAAAAAAAAAAAAAAAAAAAAAAA,cerebrospinal fluid bacterial culture,Text,20984-0,true
159654AAAAAAAAAAAAAAAAAAAAAAAAAAAAAA,Troponin I measurement,Numeric,49563-0,true
159733AAAAAAAAAAAAAAAAAAAAAAAAAAAAAA,"glucose measurement, quantitative, urine",Numeric,15076-3,false
159825AAAAAAAAAAAAAAAAAAAAAAAAAAAAAA,"uric acid, serum",Numeric,3084-1,false
159828AAAAAAAAAAAAAAAAAAAAAAAAAAAAAA,serum iron measurement,Numeric,2498-4,true
159982AAAAAAAAAAAAAAAAAAAAAAAAAAAAAA,"results, tuberculosis culture",Coded,88142-5,true
159984AAAAAAAAAAAAAAAAAAAAAAAAAAAAAA,Tuberculosis drug sensitivity test results,Coded,18276-6,true
160225AAAAAAAAAAAAAAAAAAAAAAAAAAAAAA,Sickle cell screening test,Coded,39230-8,false
160232AAAAAAAAAAAAAAAAAAAAAAAAAAAAAA,Rhesus blood grouping test,Coded,10331-7,true
160735AAAAAAAAAAAAAAAAAAAAAAAAAAAAAA,"Bacteriuria test, urine",Coded,20408-1,true
160912AAAAAAAAAAAAAAAAAAAAAAAAAAAAAA,Fasting blood glucose measurement (mg/dL),Numeric,1558-6,false
160914AAAAAAAAAAAAAAAAAAAAAAAAAAAAAA,Post-prandial blood glucose measurement (mg/dL),Numeric,16915-1,false
161153AAAAAAAAAAAAAAAAAAAAAAAAAAAAAA,Partial Thromboplastin Time,Numeric,3173-2,false
161154AAAAAAAAAAAAAAAAAAAAAAAAAAAAAA,Serum phosphorous,Numeric,2777-1,false
161155AAAAAAAAAAAAAAAAAAAAAAAAAAAAAA,"Culture and sensitivity, blood",Text,600-7,false
161156AAAAAAAAAAAAAAAAAAAAAAAAAAAAAA,"Culture and sensitivity, urine",Text,630-4,false
161159AAAAAAAAAAAAAAAAAAAAAAAAAAAAAA,Progesterone Receptor Assay,Numeric,10861-3,true
161233AAAAAAAAAAAAAAAAAAAAAAAAAAAAAA,Blood cross-matching,Coded,883-9,true
161421AAAAAAAAAAAAAAAAAAAAAAAAAAAAAA,Hemoglobin electrophoresis,Text,13514-5,false
161427AAAAAAAAAAAAAAAAAAAAAAAAAAAAAA,"Peripheral smear for microfilaria, concentration method",Coded,10662-5,false
161433AAAAAAAAAAAAAAAAAAAAAAAAAAAAAA,Bleeding time (min),Numeric,11067-6,false
161435AAAAAAAAAAAAAAAAAAAAAAAAAAAAAA,Clotting time (min),Numeric,3183-1,false
161438AAAAAAAAAAAAAAAAAAAAAAAAAAAAAA,Urine pH,Numeric,2756-5,false
161439AAAAAAAAAAAAAAAAAAAAAAAAAAAAAA,Urine specific gravity,Numeric,2965-2,false
161440AAAAAAAAAAAAAAAAAAAAAAAAAAAAAA,Urine nitrite test,Coded,20407-3,false
161441AAAAAAAAAAAAAAAAAAAAAAAAAAAAAA,Urine leukocyte esterase test,Coded,5799-2,false
161442AAAAAAAAAAAAAAAAAAAAAAAAAAAAAA,Urine ketone test,Coded,22702-5,false
161447AAAAAAAAAAAAAAAAAAAAAAAAAAAAAA,Stool microscopy with concentration,Text,10701-1,false
161448AAAAAAAAAAAAAAAAAAAAAAAAAAAAAA,Kinyoun's stain for coccidians,Text,654-4,false
161453AAAAAAAAAAAAAAAAAAAAAAAAAAAAAA,Microscopy of KOH mount,Text,667-6,false
161454AAAAAAAAAAAAAAAAAAAAAAAAAAAAAA,Gram stain,Text,664-3,false
161455AAAAAAAAAAAAAAAAAAAAAAAAAAAAAA,Vaginal fluid pH test,Numeric,48037-6,false
161456AAAAAAAAAAAAAAAAAAAAAAAAAAAAAA,Vaginal fluid whiff test,Coded,46730-8,false
161470AAAAAAAAAAAAAAAAAAAAAAAAAAAAAA,Rheumatoid factor,Coded,11572-5,false
161481AAAAAAAAAAAAAAAAAAAAAAAAAAAAAA,Prothrombin time,Numeric,5902-2,true
161482AAAAAAAAAAAAAAAAAAAAAAAAAAAAAA,International normalized ratio,Numeric,34714-6,false
161484AAAAAAAAAAAAAAAAAAAAAAAAAAAAAA,Pus culture and sensitivity,Text,634-6,true
161489AAAAAAAAAAAAAAAAAAAAAAAAAAAAAA,Follicle stimulating hormone test,Numeric,1477-9,false
161490AAAAAAAAAAAAAAAAAAAAAAAAAAAAAA,Leutinizing hormone test,Numeric,10501-5,false
161500AAAAAAAAAAAAAAAAAAAAAAAAAAAAAA,C-reactive protein,Numeric,1988-5,false
161503AAAAAAAAAAAAAAAAAAAAAAAAAAAAAA,Tri-iodothyronine test,Numeric,3053-6,false
161504AAAAAAAAAAAAAAAAAAAAAAAAAAAAAA,Thyroxine test,Numeric,14921-1,false
161505AAAAAAAAAAAAAAAAAAAAAAAAAAAAAA,Thyroid stimulating hormone test,Numeric,14297-6,false
161511AAAAAAAAAAAAAAAAAAAAAAAAAAAAAA,Serum ferritin,Numeric,2276-4,false
161516AAAAAAAAAAAAAAAAAAAAAAAAAAAAAA,Serum prolactin,Numeric,12231-7,false
161522AAAAAAAAAAAAAAAAAAAAAAAAAAAAAA,Toxoplasma IgG,Coded,13286-0,false
161523AAAAAAAAAAAAAAAAAAAAAAAAAAAAAA,Toxoplasma IgM,Coded,8040-8,false
162096AAAAAAAAAAAAAAAAAAAAAAAAAAAAAA,Urine dipstick for blood,Coded,5794-3,true
162101AAAAAAAAAAAAAAAAAAAAAAAAAAAAAA,Urine turbidity,Coded,5767-9,true
162106AAAAAAAAAAAAAAAAAAAAAAAAAAAAAA,Urine color,Coded,5778-6,true
163001AAAAAAAAAAAAAAAAAAAAAAAAAAAAAA,Indirect bilirubin in serum or plasma,Numeric,14630-8,false
163348AAAAAAAAAAAAAAAAAAAAAAAAAAAAAA,Helicobacter pylori Antigen Test in Stool,Coded,31843-6,false
163426AAAAAAAAAAAAAAAAAAAAAAAAAAAAAA,"Combined % of monocytes, eosinophils and basophils",Numeric,32155-4,true
163427AAAAAAAAAAAAAAAAAAAAAAAAAAAAAA,Activated clotting time in blood by coagulation assay,Numeric,3184-9,false
163428AAAAAAAAAAAAAAAAAAAAAAAAAAAAAA,Factor VIII assay test,Numeric,21001-3,false
163429AAAAAAAAAAAAAAAAAAAAAAAAAAAAAA,Factor IX assay test,Numeric,3187-2,true
163430AAAAAAAAAAAAAAAAAAAAAAAAAAAAAA,Heparin test,Numeric,13055-9,false
163431AAAAAAAAAAAAAAAAAAAAAAAAAAAAAA,Functional Antithrombin III (antigen),Numeric,1868-9,false
163432AAAAAAAAAAAAAAAAAAAAAAAAAAAAAA,Functional Antithrombin III (active),Numeric,27812-7,false
163435AAAAAAAAAAAAAAAAAAAAAAAAAAAAAA,Vitamin B12 level test,Numeric,16695-9,false
163437AAAAAAAAAAAAAAAAAAAAAAAAAAAAAA,Alpha 1 globulin level,Numeric,2865-4,false
163438AAAAAAAAAAAAAAAAAAAAAAAAAAAAAA,Alpha 2 globulin level,Numeric,2868-8,false
163439AAAAAAAAAAAAAAAAAAAAAAAAAAAAAA,Beta globulin level,Numeric,2871-2,false
163442AAAAAAAAAAAAAAAAAAAAAAAAAAAAAA,Gamma globulin level,Numeric,2874-6,false
163443AAAAAAAAAAAAAAAAAAAAAAAAAAAAAA,Acid phosphatase blood test,Numeric,1711-1,false
163592AAAAAAAAAAAAAAAAAAAAAAAAAAAAAA,Serum lithium,Numeric,14334-7,true
163593AAAAAAAAAAAAAAAAAAAAAAAAAAAAAA,mean blood glucose,Numeric,27353-2,false
163594AAAAAAAAAAAAAAAAAAAAAAAAAAAAAA,Glucose tolerance test,Numeric,6689-4,true
163595AAAAAAAAAAAAAAAAAAAAAAAAAAAAAA,partial pressure of carbon dioxide in arterial blood,Numeric,2019-8,false
163596AAAAAAAAAAAAAAAAAAAAAAAAAAAAAA,bicarbonate in arterial blood,Numeric,1960-4,false
163597AAAAAAAAAAAAAAAAAAAAAAAAAAAAAA,Oxygen saturation in Arterial blood,Numeric,2708-6,false
163598AAAAAAAAAAAAAAAAAAAAAAAAAAAAAA,partial pressure of oxygen in arterial blood,Numeric,2703-7,false
163599AAAAAAAAAAAAAAAAAAAAAAAAAAAAAA,Base excess in Arterial blood by calculation,Numeric,1925-7,false
163600AAAAAAAAAAAAAAAAAAAAAAAAAAAAAA,Complement component 3,Numeric,4485-9,false
163601AAAAAAAAAAAAAAAAAAAAAAAAAAAAAA,Complement component 4,Numeric,48731-4,false
163603AAAAAAAAAAAAAAAAAAAAAAAAAAAAAA,Stool culture (bacterial),Text,625-4,false
163604AAAAAAAAAAAAAAAAAAAAAAAAAAAAAA,Red blood cells in microscopy of saline mount,Coded,0000-001,true
163605AAAAAAAAAAAAAAAAAAAAAAAAAAAAAA,White blood cells in microscopy of saline mount,Coded,0000-002,true
163610AAAAAAAAAAAAAAAAAAAAAAAAAAAAAA,Human immunodeficiency virus (HIV) genotype susceptibility test,Text,48558-1,false
163614AAAAAAAAAAAAAAAAAAAAAAAAAAAAAA,Heterophile Ab presence in serum test,Coded,31418-7,false
163615AAAAAAAAAAAAAAAAAAAAAAAAAAAAAA,Lupus erythematosus cells presence in blood test,Coded,13507-9,false
163620AAAAAAAAAAAAAAAAAAAAAAAAAAAAAA,Helicobacter Pylori Ab presence in serum by immunofluorescence test,Coded,22310-7,false
163626AAAAAAAAAAAAAAAAAAAAAAAAAAAAAA,Treponema pallidum Ab presence in serum by immunofluorescence test,Coded,5393-4,false
163627AAAAAAAAAAAAAAAAAAAAAAAAAAAAAA,Human T-lymphotropic virus (HTLV) 1+2 Ab presence in serum by immunoassay test,Coded,29901-6,false
163629AAAAAAAAAAAAAAAAAAAAAAAAAAAAAA,Estrogen in 24 hour urine test,Numeric,25402-9,false
163630AAAAAAAAAAAAAAAAAAAAAAAAAAAAAA,Tuberculin skin test (qualitative),Coded,55420-4,true
163632AAAAAAAAAAAAAAAAAAAAAAAAAAAAAA,Dengue virus Ab presence in unspecified specimen test,Coded,31343-7,false
163633AAAAAAAAAAAAAAAAAAAAAAAAAAAAAA,Cryptosporidium parvum identified in stool test,Text,40958-1,false
163634AAAAAAAAAAAAAAAAAAAAAAAAAAAAAA,Leukocytes presence in stool by methylene blue stain test,Text,42327-7,false
163640AAAAAAAAAAAAAAAAAAAAAAAAAAAAAA,Appearance of stool,Coded,29636-8,false
163641AAAAAAAAAAAAAAAAAAAAAAAAAAAAAA,Color of stool,Coded,9397-1,false
163645AAAAAAAAAAAAAAAAAAAAAAAAAAAAAA,Bacteria in microscopy of saline mount,Coded,32763-5,false
163646AAAAAAAAAAAAAAAAAAAAAAAAAAAAAA,Simple yeast in microscopy of saline mount,Coded,32765-0,false
163647AAAAAAAAAAAAAAAAAAAAAAAAAAAAAA,Budding yeast in microscopy of saline mount,Coded,32765-0,false
163648AAAAAAAAAAAAAAAAAAAAAAAAAAAAAA,Trichomonas vaginalis in microscopy of saline mount,Coded,664-9,true
163649AAAAAAAAAAAAAAAAAAAAAAAAAAAAAA,Hyphae in microscopy of saline mount,Coded,0000-003,true
163650AAAAAAAAAAAAAAAAAAAAAAAAAAAAAA,Epithelial cells in microscopy of saline mount,Coded,32762-7,false
163651AAAAAAAAAAAAAAAAAAAAAAAAAAAAAA,Trichomonas hominis in microscopy of saline mount,Coded,0000-004,true
163653AAAAAAAAAAAAAAAAAAAAAAAAAAAAAA,Rivalta test to differentiate transudates from exudates,Coded,0000-005,true
163654AAAAAAAAAAAAAAAAAAAAAAAAAAAAAA,Cholera rapid antigen test,Coded,0000-006,true
163657AAAAAAAAAAAAAAAAAAAAAAAAAAAAAA,Semen color,Coded,10569-2,false
163658AAAAAAAAAAAAAAAAAAAAAAAAAAAAAA,Liquefaction [time] in semen,Numeric,10580-9,false
163659AAAAAAAAAAAAAAAAAAAAAAAAAAAAAA,Semen fructose level,Numeric,2295-4,false
163660AAAAAAAAAAAAAAAAAAAAAAAAAAAAAA,Semen volume,Numeric,3160-9,false
163661AAAAAAAAAAAAAAAAAAAAAAAAAAAAAA,sperm count,Numeric,72517-6,false
163662AAAAAAAAAAAAAAAAAAAAAAAAAAAAAA,Percentage of normal spermatozoa in semen,Numeric,9704-8,false
163663AAAAAAAAAAAAAAAAAAAAAAAAAAAAAA,Spermatozoa motility,Numeric,6800-7,false
163664AAAAAAAAAAAAAAAAAAAAAAAAAAAAAA,Catalase [Enzymatic activity/volume],Text,45034-6,false
163665AAAAAAAAAAAAAAAAAAAAAAAAAAAAAA,Cytochrome C oxidase,Text,18366-5,false
163666AAAAAAAAAAAAAAAAAAAAAAAAAAAAAA,Staphylococcus Sp. coagulase negative DNA [presence],Text,63574-8,false
163667AAAAAAAAAAAAAAAAAAAAAAAAAAAAAA,Streptococcal DNAse B test,Text,0000-007,true
163668AAAAAAAAAAAAAAAAAAAAAAAAAAAAAA,Esculin hydrolysis test,Text,0000-008,true
163669AAAAAAAAAAAAAAAAAAAAAAAAAAAAAA,Urea-tryptophan test,Text,0000-009,true
163670AAAAAAAAAAAAAAAAAAAAAAAAAAAAAA,Mannitol mobility nitrate agar test,Text,0000-010,true
163671AAAAAAAAAAAAAAAAAAAAAAAAAAAAAA,Porphyrins in red blood cells test,Text,2814-2,false
163672AAAAAAAAAAAAAAAAAAAAAAAAAAAAAA,O-Nitrophenyl-β-D-galactopyranoside test,Text,0000-011,true
163674AAAAAAAAAAAAAAAAAAAAAAAAAAAAAA,Voges-Proskauer test,Text,0000-012,true
163675AAAAAAAAAAAAAAAAAAAAAAAAAAAAAA,CAMP test,Text,0000-013,true
163676AAAAAAAAAAAAAAAAAAAAAAAAAAAAAA,Latex agglutination test,Coded,6158-0,false
163677AAAAAAAAAAAAAAAAAAAAAAAAAAAAAA,Microscopic observation in unspecified specimen by rhodamine-auramine fluorochrome stain,Text,676-7,false
163678AAAAAAAAAAAAAAAAAAAAAAAAAAAAAA,Microscopic observation in unspecified specimen by acridine orange stain,Text,0000-014,true
163680AAAAAAAAAAAAAAAAAAAAAAAAAAAAAA,Bilirubin total presence in urine by test strip,Coded,5770-3,false
163681AAAAAAAAAAAAAAAAAAAAAAAAAAAAAA,Ascorbate presence in urine test,Coded,1904-2,false
163682AAAAAAAAAAAAAAAAAAAAAAAAAAAAAA,Urobilinogen presence in urine test,Coded,13658-0,false
163683AAAAAAAAAAAAAAAAAAAAAAAAAAAAAA,Erythrocytes presence in urine sediment by light microscopy test,Coded,32776-7,false
163685AAAAAAAAAAAAAAAAAAAAAAAAAAAAAA,Epithelial cells presence in urine sediment by light microscopy test,Coded,20453-7,false
163686AAAAAAAAAAAAAAAAAAAAAAAAAAAAAA,Yeast presence in urine sediment by light microscopy,Coded,32356-8,false
163687AAAAAAAAAAAAAAAAAAAAAAAAAAAAAA,Yeast hyphae presence in urine sediment by light microscopy test,Coded,41865-7,false
163688AAAAAAAAAAAAAAAAAAAAAAAAAAAAAA,Spore presence in urine test,Coded,0000-015,true
163689AAAAAAAAAAAAAAAAAAAAAAAAAAAAAA,Trichomonas vaginalis presence in urine sediment by light microscopy,Coded,5813-1,false
163695AAAAAAAAAAAAAAAAAAAAAAAAAAAAAA,Crystals type in urine sediment by light microscopy test,Coded,5782-8,false
163696AAAAAAAAAAAAAAAAAAAAAAAAAAAAAA,Casts presence in urine sediment by light microscopy test,Coded,24124-0,false
163698AAAAAAAAAAAAAAAAAAAAAAAAAAAAAA,Urethral fluid pH test,Numeric,2748-2,false
163699AAAAAAAAAAAAAAAAAAAAAAAAAAAAAA,Urea measurement (calculated),Numeric,3094-0,true
163703AAAAAAAAAAAAAAAAAAAAAAAAAAAAAA,Glucose tolerance 1/2 hour panel,Numeric,14770-2,true
163704AAAAAAAAAAAAAAAAAAAAAAAAAAAAAA,Glucose tolerance 1 hour panel,Numeric,10449-7,false
163705AAAAAAAAAAAAAAAAAAAAAAAAAAAAAA,Glucose tolerance 2 hours panel,Numeric,72171-2,false
163706AAAAAAAAAAAAAAAAAAAAAAAAAAAAAA,Glucose tolerance 3 hours panel,Numeric,50586-7,false
163707AAAAAAAAAAAAAAAAAAAAAAAAAAAAAA,Glucose tolerance 4 hours panel,Numeric,50587-5,false
165301AAAAAAAAAAAAAAAAAAAAAAAAAAAAAA,HBsAg Rapid Diagnostic Test,Coded,75410-1,false
664AAAAAAAAAAAAAAAAAAAAAAAAAAAAAAAAA,Negative,N/A,0000-016,true
703AAAAAAAAAAAAAAAAAAAAAAAAAAAAAAAAA,POSITIVE,N/A,0000-017,true
1138AAAAAAAAAAAAAAAAAAAAAAAAAAAAAAAA,INDETERMINATE,N/A,0000-018,true
1304AAAAAAAAAAAAAAAAAAAAAAAAAAAAAAAA,POOR SAMPLE QUALITY,N/A,0000-019,true
690AAAAAAAAAAAAAAAAAAAAAAAAAAAAAAAAA,A POSITIVE,N/A,0000-020,true
692AAAAAAAAAAAAAAAAAAAAAAAAAAAAAAAAA,A NEGATIVE,N/A,0000-021,true
694AAAAAAAAAAAAAAAAAAAAAAAAAAAAAAAAA,B POSITIVE,N/A,0000-022,true
696AAAAAAAAAAAAAAAAAAAAAAAAAAAAAAAAA,B NEGATIVE,N/A,0000-023,true
699AAAAAAAAAAAAAAAAAAAAAAAAAAAAAAAAA,O POSITIVE,N/A,0000-024,true
701AAAAAAAAAAAAAAAAAAAAAAAAAAAAAAAAA,O NEGATIVE,N/A,0000-025,true
1230AAAAAAAAAAAAAAAAAAAAAAAAAAAAAAAA,AB POSITIVE,N/A,0000-026,true
1231AAAAAAAAAAAAAAAAAAAAAAAAAAAAAAAA,AB NEGATIVE,N/A,0000-027,true
120759AAAAAAAAAAAAAAAAAAAAAAAAAAAAAA,Cestode Infection,N/A,0000-028,true
137504AAAAAAAAAAAAAAAAAAAAAAAAAAAAAA,Infection by Ascaris Lumbricoides,N/A,0000-029,true
148882AAAAAAAAAAAAAAAAAAAAAAAAAAAAAA,Ancylostomiasis due to Ancylostoma Duodenale,N/A,0000-030,true
127133AAAAAAAAAAAAAAAAAAAAAAAAAAAAAA,Schistosoma Mansonii Infection,N/A,0000-031,true
5622AAAAAAAAAAAAAAAAAAAAAAAAAAAAAAAA,Other,N/A,0000-032,true
137329AAAAAAAAAAAAAAAAAAAAAAAAAAAAAA,Infection due to Entamoeba Histolytica,N/A,0000-033,true
1229AAAAAAAAAAAAAAAAAAAAAAAAAAAAAAAA,NON-REACTIVE,N/A,0000-034,true
1228AAAAAAAAAAAAAAAAAAAAAAAAAAAAAAAA,REACTIVE,N/A,0000-035,true
1364AAAAAAAAAAAAAAAAAAAAAAAAAAAAAAAA,THREE PLUS,Boolean,0000-036,true
1362AAAAAAAAAAAAAAAAAAAAAAAAAAAAAAAA,ONE PLUS,Boolean,0000-037,true
1363AAAAAAAAAAAAAAAAAAAAAAAAAAAAAAAA,TWO PLUS,Boolean,0000-038,true
159985AAAAAAAAAAAAAAAAAAAAAAAAAAAAAA,Scanty,N/A,0000-039,true
160008AAAAAAAAAAAAAAAAAAAAAAAAAAAAAA,Contaminated specimen,N/A,0000-040,true
164369AAAAAAAAAAAAAAAAAAAAAAAAAAAAAA,Results not available,N/A,0000-041,true
1118AAAAAAAAAAAAAAAAAAAAAAAAAAAAAAAA,Not done,N/A,0000-042,true
1300AAAAAAAAAAAAAAAAAAAAAAAAAAAAAAAA,EQUIVOCAL,N/A,0000-043,true
1311AAAAAAAAAAAAAAAAAAAAAAAAAAAAAAAA,<1:2,N/A,0000-044,true
1312AAAAAAAAAAAAAAAAAAAAAAAAAAAAAAAA,1:2,N/A,0000-045,true
1313AAAAAAAAAAAAAAAAAAAAAAAAAAAAAAAA,1:4,N/A,0000-046,true
1314AAAAAAAAAAAAAAAAAAAAAAAAAAAAAAAA,1:8,N/A,0000-047,true
1315AAAAAAAAAAAAAAAAAAAAAAAAAAAAAAAA,1:16,N/A,0000-048,true
1316AAAAAAAAAAAAAAAAAAAAAAAAAAAAAAAA,1:32,N/A,0000-049,true
1317AAAAAAAAAAAAAAAAAAAAAAAAAAAAAAAA,>1:32,N/A,0000-050,true
163621AAAAAAAAAAAAAAAAAAAAAAAAAAAAAA,1:64,N/A,0000-051,true
163622AAAAAAAAAAAAAAAAAAAAAAAAAAAAAA,1:128,N/A,0000-052,true
163623AAAAAAAAAAAAAAAAAAAAAAAAAAAAAA,1:256,N/A,0000-053,true
163624AAAAAAAAAAAAAAAAAAAAAAAAAAAAAA,>1:572,N/A,0000-054,true
1067AAAAAAAAAAAAAAAAAAAAAAAAAAAAAAAA,Unknown,N/A,0000-055,true
128453AAAAAAAAAAAAAAAAAAAAAAAAAAAAAA,Procedure Refused,N/A,0000-056,true
1365AAAAAAAAAAAAAAAAAAAAAAAAAAAAAAAA,FOUR PLUS,Boolean,0000-057,true
160352AAAAAAAAAAAAAAAAAAAAAAAAAAAAAA,Test not performed due to lack of availability of test materials,Boolean,0000-058,true
160414AAAAAAAAAAAAAAAAAAAAAAAAAAAAAA,Procedure not performed,N/A,0000-059,true
161246AAAAAAAAAAAAAAAAAAAAAAAAAAAAAA,Positive for Plasmodium falciparum,N/A,0000-060,true
161247AAAAAAAAAAAAAAAAAAAAAAAAAAAAAA,Positive for Plasmodium vivax,N/A,0000-061,true
161248AAAAAAAAAAAAAAAAAAAAAAAAAAAAAA,Positive for both Plasmodium falciparum and Plasmodium vivax,N/A,0000-062,true
1874AAAAAAAAAAAAAAAAAAAAAAAAAAAAAAAA,TRACE,N/A,0000-063,true
159956AAAAAAAAAAAAAAAAAAAAAAAAAAAAAA,resistant to anti-tuberculosis drugs,Coded,0000-064,true
159958AAAAAAAAAAAAAAAAAAAAAAAAAAAAAA,susceptible to anti-tuberculosis drugs,Coded,0000-065,true
159957AAAAAAAAAAAAAAAAAAAAAAAAAAAAAA,Intermediate resistance to anti-tubercular drugs,Coded,0000-066,true
160047AAAAAAAAAAAAAAAAAAAAAAAAAAAAAA,concentration,Numeric,0000-067,true
159972AAAAAAAAAAAAAAAAAAAAAAAAAAAAAA,contaminated drug sensitivity testing,N/A,0000-068,true
159952AAAAAAAAAAAAAAAAAAAAAAAAAAAAAA,colonies,Numeric,0000-069,true
159971AAAAAAAAAAAAAAAAAAAAAAAAAAAAAA,waiting for test results,N/A,0000-070,true
163433AAAAAAAAAAAAAAAAAAAAAAAAAAAAAA,Blood compatible,N/A,0000-071,true
163434AAAAAAAAAAAAAAAAAAAAAAAAAAAAAA,Incompatible blood,N/A,0000-072,true
161565AAAAAAAAAAAAAAAAAAAAAAAAAAAAAA,Bancroftian filariasis,N/A,0000-073,true
114412AAAAAAAAAAAAAAAAAAAAAAAAAAAAAA,Mansonella Ozzardi Infection,N/A,0000-074,true
162102AAAAAAAAAAAAAAAAAAAAAAAAAAAAAA,Urine appears clear,N/A,0000-075,true
162103AAAAAAAAAAAAAAAAAAAAAAAAAAAAAA,Cloudy urine,N/A,0000-076,true
162104AAAAAAAAAAAAAAAAAAAAAAAAAAAAAA,Urine appears turbid,N/A,0000-077,true
162099AAAAAAAAAAAAAAAAAAAAAAAAAAAAAA,Colourless,N/A,0000-078,true
127778AAAAAAAAAAAAAAAAAAAAAAAAAAAAAA,Red color,N/A,0000-079,true
162097AAAAAAAAAAAAAAAAAAAAAAAAAAAAAA,Light yellow colour,N/A,0000-080,true
162105AAAAAAAAAAAAAAAAAAAAAAAAAAAAAA,Yellow-green colour,N/A,0000-081,true
162098AAAAAAAAAAAAAAAAAAAAAAAAAAAAAA,Dark yellow colour,N/A,0000-082,true
162100AAAAAAAAAAAAAAAAAAAAAAAAAAAAAA,Brown color,N/A,0000-083,true
162065AAAAAAAAAAAAAAAAAAAAAAAAAAAAAA,Black color,N/A,0000-084,true
160910AAAAAAAAAAAAAAAAAAAAAAAAAAAAAA,Yellow color,N/A,0000-085,true
1077AAAAAAAAAAAAAAAAAAAAAAAAAAAAAAAA,bloody,N/A,0000-086,true
160909AAAAAAAAAAAAAAAAAAAAAAAAAAAAAA,Green color,N/A,0000-087,true
163656AAAAAAAAAAAAAAAAAAAAAAAAAAAAAA,Orange color,N/A,0000-088,true
163655AAAAAAAAAAAAAAAAAAAAAAAAAAAAAA,Yellowish white,N/A,0000-089,true
1499AAAAAAAAAAAAAAAAAAAAAAAAAAAAAAAA,Moderate,N/A,0000-090,true
1107AAAAAAAAAAAAAAAAAAAAAAAAAAAAAAAA,None,N/A,0000-091,true
1408AAAAAAAAAAAAAAAAAAAAAAAAAAAAAAAA,High,Boolean,0000-092,true
159416AAAAAAAAAAAAAAAAAAAAAAAAAAAAAA,Rarely,N/A,0000-093,true
1160AAAAAAAAAAAAAAAAAAAAAAAAAAAAAAAA,FEW,N/A,0000-094,true
722AAAAAAAAAAAAAAAAAAAAAAAAAAAAAAAAA,AMORPHOUS PHOSPHATE CRYSTALS,N/A,0000-095,true
163642AAAAAAAAAAAAAAAAAAAAAAAAAAAAAA,Ammonium urate crystals in urine,N/A,5766-1,false
163643AAAAAAAAAAAAAAAAAAAAAAAAAAAAAA,Amorphous urate crystals in urine,N/A,12454-5,false
72695AAAAAAAAAAAAAAAAAAAAAAAAAAAAAAA,CALCIUM PHOSPHATE,N/A,0000-096,true
79241AAAAAAAAAAAAAAAAAAAAAAAAAAAAAAA,MAGNESIUM PHOSPHATE,N/A,0000-097,true
123505AAAAAAAAAAAAAAAAAAAAAAAAAAAAAA,Uric Acid Crystalluria,N/A,0000-098,true
123501AAAAAAAAAAAAAAAAAAAAAAAAAAAAAA,"Urinary Cast, Hyaline",N/A,0000-099,true
72703AAAAAAAAAAAAAAAAAAAAAAAAAAAAAAA,CALCIUM SULFATE,N/A,0000-100,true
725AAAAAAAAAAAAAAAAAAAAAAAAAAAAAAAAA,CALCIUM OXALATE CRYSTALS,N/A,0000-101,true
74167AAAAAAAAAAAAAAAAAAAAAAAAAAAAAAA,CYSTINE,N/A,0000-102,true
163644AAAAAAAAAAAAAAAAAAAAAAAAAAAAAA,Triple phosphate crystals,N/A,46137-6,false
163690AAAAAAAAAAAAAAAAAAAAAAAAAAAAAA,Granular casts presence in urine sediment by light microscopy test,Coded,25160-3,false
163691AAAAAAAAAAAAAAAAAAAAAAAAAAAAAA,Fatty casts presence in urine sediment by light microscopy test,Coded,25159-5,false
163694AAAAAAAAAAAAAAAAAAAAAAAAAAAAAA,Waxy casts presence in urine sediment by light microscopy test,Coded,33862-4,false
163693AAAAAAAAAAAAAAAAAAAAAAAAAAAAAA,WBC casts presence in urine sediment by light microscopy test,Coded,33825-1,false
163692AAAAAAAAAAAAAAAAAAAAAAAAAAAAAA,Epithelial casts presence in urine sediment by light microscopy test,Coded,25157-9,false
163417AAAAAAAAAAAAAAAAAAAAAAAAAAAAAA,5+,N/A,0000-200,true
163418AAAAAAAAAAAAAAAAAAAAAAAAAAAAAA,>5+,N/A,0000-201,true
162657AAAAAAAAAAAAAAAAAAAAAAAAAAAAAA,Liquid,N/A,0000-202,true
163638AAAAAAAAAAAAAAAAAAAAAAAAAAAAAA,solid,N/A,0000-203,true
163636AAAAAAAAAAAAAAAAAAAAAAAAAAAAAA,Pasty,N/A,0000-204,true
165852AAAAAAAAAAAAAAAAAAAAAAAAAAAAAA,COVID-19 Antigen Rapid Test,Coded,94558-4,true
1301AAAAAAAAAAAAAAAAAAAAAAAAAAAAAAAA,Detected,N/A,0000-205,true
1302AAAAAAAAAAAAAAAAAAAAAAAAAAAAAAAA,Not detected,N/A,0000-206,true
1326AAAAAAAAAAAAAAAAAAAAAAAAAAAAAAAA,"HIV RAPID TEST 2, QUALITATIVE",Coded,7919-4,false
885AAAAAAAAAAAAAAAAAAAAAAAAAAAAAAAAA,Papanicolaou smear,Coded,47527-7,true
1115AAAAAAAAAAAAAAAAAAAAAAAAAAAAAAAA,Normal,N/A,0000-207,true
1116AAAAAAAAAAAAAAAAAAAAAAAAAAAAAAAA,Abnormal,N/A,0000-208,true
1305AAAAAAAAAAAAAAAAAAAAAAAAAAAAAAAA,"HIV VIRAL LOAD, QUALITATIVE",Coded,48510-2,true
844AAAAAAAAAAAAAAAAAAAAAAAAAAAAAAAAA,HIV DNA POLYMERASE CHAIN REACTION,Coded,49718-0,true
1303AAAAAAAAAAAAAAAAAAAAAAAAAAAAAAAA,INHIBITORY,N/A,0000-209,true
